Owner,Name,AttrType,Visibility,True,Type,Redefines
Components::Compositions::CompositionTypes::Actuator,type,Components::Compositions::CompositionTypeEnum,public,true,Components::Compositions::Composition::type
Components::Compositions::CompositionTypes::Amplifier,type,Components::Compositions::CompositionTypeEnum,public,true,Components::Compositions::Composition::type
Components::Compositions::CompositionTypes::Ballscrew,type,Components::Compositions::CompositionTypeEnum,public,true,Components::Compositions::Composition::type
Components::Compositions::CompositionTypes::Belt,type,Components::Compositions::CompositionTypeEnum,public,true,Components::Compositions::Composition::type
Components::Compositions::CompositionTypes::Brake,type,Components::Compositions::CompositionTypeEnum,public,true,Components::Compositions::Composition::type
Components::Compositions::CompositionTypes::Chain,type,Components::Compositions::CompositionTypeEnum,public,true,Components::Compositions::Composition::type
Components::Compositions::CompositionTypes::Chopper,type,Components::Compositions::CompositionTypeEnum,public,true,Components::Compositions::Composition::type
Components::Compositions::CompositionTypes::Chuck,type,Components::Compositions::CompositionTypeEnum,public,true,Components::Compositions::Composition::type
Components::Compositions::CompositionTypes::Chute,type,Components::Compositions::CompositionTypeEnum,public,true,Components::Compositions::Composition::type
Components::Compositions::CompositionTypes::CircuitBreaker,type,Components::Compositions::CompositionTypeEnum,public,true,Components::Compositions::Composition::type
Components::Compositions::CompositionTypes::Clamp,type,Components::Compositions::CompositionTypeEnum,public,true,Components::Compositions::Composition::type
Components::Compositions::CompositionTypes::Compressor,type,Components::Compositions::CompositionTypeEnum,public,true,Components::Compositions::Composition::type
Components::Compositions::CompositionTypes::Door,type,Components::Compositions::CompositionTypeEnum,public,true,Components::Compositions::Composition::type
Components::Compositions::CompositionTypes::Drain,type,Components::Compositions::CompositionTypeEnum,public,true,Components::Compositions::Composition::type
Components::Compositions::CompositionTypes::Encoder,type,Components::Compositions::CompositionTypeEnum,public,true,Components::Compositions::Composition::type
Components::Compositions::CompositionTypes::ExposureUnit,type,Components::Compositions::CompositionTypeEnum,public,true,Components::Compositions::Composition::type
Components::Compositions::CompositionTypes::ExtrusionUnit,type,Components::Compositions::CompositionTypeEnum,public,true,Components::Compositions::Composition::type
Components::Compositions::CompositionTypes::Fan,type,Components::Compositions::CompositionTypeEnum,public,true,Components::Compositions::Composition::type
Components::Compositions::CompositionTypes::Filter,type,Components::Compositions::CompositionTypeEnum,public,true,Components::Compositions::Composition::type
Components::Compositions::CompositionTypes::Galvanomotor,type,Components::Compositions::CompositionTypeEnum,public,true,Components::Compositions::Composition::type
Components::Compositions::CompositionTypes::Gripper,type,Components::Compositions::CompositionTypeEnum,public,true,Components::Compositions::Composition::type
Components::Compositions::CompositionTypes::Hopper,type,Components::Compositions::CompositionTypeEnum,public,true,Components::Compositions::Composition::type
Components::Compositions::CompositionTypes::LinearPositionFeedback,type,Components::Compositions::CompositionTypeEnum,public,true,Components::Compositions::Composition::type
Components::Compositions::CompositionTypes::Motor,type,Components::Compositions::CompositionTypeEnum,public,true,Components::Compositions::Composition::type
Components::Compositions::CompositionTypes::Oil,type,Components::Compositions::CompositionTypeEnum,public,true,Components::Compositions::Composition::type
Components::Compositions::CompositionTypes::PowerSupply,type,Components::Compositions::CompositionTypeEnum,public,true,Components::Compositions::Composition::type
Components::Compositions::CompositionTypes::Pulley,type,Components::Compositions::CompositionTypeEnum,public,true,Components::Compositions::Composition::type
Components::Compositions::CompositionTypes::Pump,type,Components::Compositions::CompositionTypeEnum,public,true,Components::Compositions::Composition::type
Components::Compositions::CompositionTypes::Reel,type,Components::Compositions::CompositionTypeEnum,public,true,Components::Compositions::Composition::type
Components::Compositions::CompositionTypes::SensingElement,type,Components::Compositions::CompositionTypeEnum,public,true,Components::Compositions::Composition::type
Components::Compositions::CompositionTypes::Spreader,type,Components::Compositions::CompositionTypeEnum,public,true,Components::Compositions::Composition::type
Components::Compositions::CompositionTypes::StorageBattery,type,Components::Compositions::CompositionTypeEnum,public,true,Components::Compositions::Composition::type
Components::Compositions::CompositionTypes::Switch,type,Components::Compositions::CompositionTypeEnum,public,true,Components::Compositions::Composition::type
Components::Compositions::CompositionTypes::Table,type,Components::Compositions::CompositionTypeEnum,public,true,Components::Compositions::Composition::type
Components::Compositions::CompositionTypes::Tank,type,Components::Compositions::CompositionTypeEnum,public,true,Components::Compositions::Composition::type
Components::Compositions::CompositionTypes::Tensioner,type,Components::Compositions::CompositionTypeEnum,public,true,Components::Compositions::Composition::type
Components::Compositions::CompositionTypes::Transformer,type,Components::Compositions::CompositionTypeEnum,public,true,Components::Compositions::Composition::type
Components::Compositions::CompositionTypes::Valve,type,Components::Compositions::CompositionTypeEnum,public,true,Components::Compositions::Composition::type
Components::Compositions::CompositionTypes::Vat,type,Components::Compositions::CompositionTypeEnum,public,true,Components::Compositions::Composition::type
Components::Compositions::CompositionTypes::Water,type,Components::Compositions::CompositionTypeEnum,public,true,Components::Compositions::Composition::type
Components::Compositions::CompositionTypes::Wire,type,Components::Compositions::CompositionTypeEnum,public,true,Components::Compositions::Composition::type
